,accuracy,loss,mae
0,0.6645047068595886,1.1300297975540161,0.3172740936279297
1,0.8235294222831726,0.6165950298309326,0.24488846957683563
