,accuracy,loss,mae
0,0.6314858198165894,1.1087392568588257,0.32796430587768555
1,0.6470588445663452,1.1438547372817993,0.3407488167285919
