,accuracy,loss,mae
0,0.5407986044883728,1.5313637256622314,0.34698718786239624
1,0.5,1.3894875049591064,0.3447255492210388
