,accuracy,loss,mae
0,0.5466269850730896,1.4922547340393066,0.3001120388507843
1,0.52173912525177,1.2271454334259033,0.29661235213279724
