,accuracy,loss,mae
0,0.579365074634552,1.4889788627624512,0.3033845126628876
1,0.8260869383811951,1.0129870176315308,0.2996729910373688
