,accuracy,loss,mae
0,0.7685185074806213,0.9256793856620789,0.3203924298286438
1,0.8571428656578064,0.3168250620365143,0.22979512810707092
