,accuracy,loss,mae
0,0.7997685074806213,0.7651115655899048,0.2904944121837616
1,0.6428571343421936,0.4975200295448303,0.3094154894351959
