,accuracy,loss,mae
0,0.7881944179534912,0.8963084816932678,0.2918342053890228
1,1.0,0.15512870252132416,0.12815247476100922
