,accuracy,loss,mae
0,0.6021825671195984,1.18722665309906,0.34953317046165466
1,0.52173912525177,1.0728646516799927,0.38097935914993286
