,accuracy,loss,mae
0,0.25231480598449707,1.474205493927002,0.37397000193595886
1,0.3571428656578064,1.3508185148239136,0.36889269948005676
